"group","congruency","mean_s1","mean_s2","t","df","p"
"old","congruent",-0.00924890763594512,-0.00395122232639814,-1.51128457564336,46,0.137555814350871
"old","incongruent",-0.0339249353537327,-0.0138720442420126,-2.36158377703391,46,0.0224871221804518
"young","congruent",-0.00458440596303185,0.00127592624785972,-1.42992574217086,46,0.15949567528539
"young","incongruent",-0.00623133094484534,-0.00474176450172112,-0.300398927343257,46,0.765226358117832
