"group","congruency","mean_s1","mean_s2","t","df","p"
"old","congruent",0.0926410825412278,0.0731450062390142,2.79769827750422,46,0.00749161195537663
"old","incongruent",0.0845541095920186,0.0808047195793486,0.447509900086548,46,0.656607284197119
"young","congruent",0.0783293882315701,0.0440365874634854,4.47856872767456,46,4.93680319735396e-05
"young","incongruent",0.0741453528628612,0.047718632584559,3.9907175161492,46,0.000234597620668806
